{
  "citation": "",
  "description": "",
  "features": {
    "img": {
      "_type": "Image"
    },
    "habitat": {
      "feature": {
        "dtype": "float32",
        "_type": "Value"
      },
      "length": 32,
      "_type": "Sequence"
    },
    "month": {
      "feature": {
        "dtype": "float32",
        "_type": "Value"
      },
      "length": 12,
      "_type": "Sequence"
    },
    "substrate": {
      "feature": {
        "dtype": "float32",
        "_type": "Value"
      },
      "length": 32,
      "_type": "Sequence"
    },
    "labels": {
      "names": [
        "edible",
        "inedible"
      ],
      "_type": "ClassLabel"
    },
    "pixel_values": {
      "feature": {
        "feature": {
          "feature": {
            "dtype": "float32",
            "_type": "Value"
          },
          "_type": "Sequence"
        },
        "_type": "Sequence"
      },
      "_type": "Sequence"
    }
  },
  "homepage": "",
  "license": ""
}